alpha,N,K_N,Pi_N,D_tail
0.25,10,0.0505814442473087,0.9749900070738667,0.025826631101178242
0.25,100,0.18655090644470607,0.9108826840185396,0.0827830201510476
0.25,1000,0.6189525758310535,0.7337618365564303,0.2620120177878722
0.25,10000,1.9866768231105205,0.3702926307464934,0.8284991360066425
0.25,100000,6.311485808653553,0.04260025791454763,2.6197986065704297
0.5,10,0.02948662158741343,0.9853453221143748,0.006693522244130567
0.5,100,0.05208137801245009,0.9742751080499077,0.006907154732861437
0.5,1000,0.07506343040352435,0.9631436572473776,0.006929034884726071
0.5,10000,0.09808489459790848,0.9521207206141042,0.006931228061390585
0.5,100000,0.1211103067854933,0.9412220902682246,0.006931447430656781
0.75,10,0.020105895003478428,0.9899822147625491,0.0017538729426787338
0.75,100,0.024281830682723524,0.9879172649099734,0.0005825691278695429
0.75,1000,0.025644551850310695,0.9872443656902101,0.00018513980371121647
0.75,10000,0.026076854369677535,0.9870309946318914,5.857541210142758e-05
0.75,100000,0.02621360397533197,0.9869635088893767,1.8524091446162072e-05
1.0,10,0.015635671671036952,0.9921988559116995,0.000463986131952681
1.0,100,0.016487869155519953,0.9917761677360967,4.962649417753623e-05
1.0,1000,0.01657737586149094,0.9917317834162938,4.996251494741866e-06
1.0,10000,0.01658637091319745,0.9917273230869844,4.999625013574205e-07
1.0,100000,0.016587270863698805,0.991726876834334,4.9999624933405595e-08
