alpha,gamma_num,gamma_th,diff
0.05,0.899542469978334,0.9,-0.0004575300216660416
0.1,0.7998102874599822,0.8,-0.0001897125400178723
0.15,0.7004388014984162,0.7,0.0004388014984162414
0.2,0.601609907119173,0.6,0.0016099071191729708
0.25,0.5039117599602077,0.5,0.00391175996020765
0.3,0.4084964634934174,0.4,0.008496463493417372
0.35,0.3173693512892265,0.30000000000000004,0.017369351289226453
0.4,0.2335986295193568,0.19999999999999996,0.033598629519356854
0.45,0.16103324843832031,0.09999999999999998,0.06103324843832034

critical_slope_num,0.009999187351963404,critical_slope_th,0.010000000000000002
