alpha,N,K_N,Pi_N,D_tail,K_EM,rel_dev_EM
0.25,10,0.0505814442473087,0.9749900070738667,0.025826631101178242,0.050607790347186495,-0.0005208649193364782
0.25,100,0.18655090644470607,0.9108826840185396,0.0827830201510476,0.18655173977990003,-4.467065906262757e-06
0.25,1000,0.6189525758310535,0.7337618365564303,0.2620120177878722,0.6189526021812772,-4.257228228728938e-08
0.25,10000,1.9866768231105205,0.3702926307464934,0.8284991360066425,1.9866768239417476,-4.1840075723029754e-10
0.25,100000,6.311485808653553,0.04260025791454763,2.6197986065704297,6.311485808677849,-3.849508880711575e-12
0.5,10,0.02948662158741343,0.9853453221143748,0.006693522244130567,0.029486655048237317,-1.1347798453877594e-06
0.5,100,0.05208137801245009,0.9742751080499077,0.006907154732861437,0.052081378051405856,-7.479788487298365e-10
0.5,1000,0.07506343040352435,0.9631436572473776,0.006929034884726071,0.07506343040167555,2.4629821496543778e-11
0.5,10000,0.09808489459790848,0.9521207206141042,0.006931228061390585,0.09808489459601828,1.927102374464965e-11
0.5,100000,0.1211103067854933,0.9412220902682246,0.006931447430656781,0.12111030678360296,1.560837521462093e-11
0.75,10,0.020105895003478428,0.9899822147625491,0.0017538729426787338,0.020113801210647743,-0.00039322831278821983
0.75,100,0.024281830682723524,0.9879172649099734,0.0005825691278695429,0.024281855681290012,-1.0295173710059193e-06
0.75,1000,0.025644551850310695,0.9872443656902101,0.00018513980371121647,0.025644551927491502,-3.0096375766271416e-09
0.75,10000,0.026076854369677535,0.9870309946318914,5.857541210142758e-05,0.026076854368051253,6.236497773050437e-11
0.75,100000,0.02621360397533197,0.9869635088893767,1.8524091446162072e-05,0.02621360397345585,7.15705016475102e-11
1.0,10,0.015635671671036952,0.9921988559116995,0.000463986131952681,0.015639002524183987,-0.0002130291053121136
1.0,100,0.016487869155519953,0.9917761677360967,4.962649417753623e-05,0.016487872486953263,-2.0205359942809418e-07
1.0,1000,0.01657737586149094,0.9917317834162938,4.996251494741866e-06,0.01657737586294921,-8.796754179524798e-11
1.0,10000,0.01658637091319745,0.9917273230869844,4.999625013574205e-07,0.01658637091132577,1.1284444947001136e-10
1.0,100000,0.016587270863698805,0.991726876834334,4.9999624933405595e-08,0.016587270861824148,1.1301778908021771e-10
